Week,Day,Theme,1-hour Topic / Task
1,Day 1,Python Core I,"Setup (pyenv/venv), pip, REPL, script vs module"
1,Day 2,Python Core I,"Types/ops, slicing, f-strings, immutability"
1,Day 3,Python Core I,"Control flow (if/loops), truthiness"
1,Day 4,Python Core I,"Functions, args/kwargs, docstrings"
1,Day 5,Python Core I,"Exceptions (try/except), custom errors"
1,Day 6,Python Core I,"Files & paths (pathlib), JSON/YAML"
1,Day 7,Python Core I,Mini-task: CLI reads CSV and prints stats
2,Day 1,Python Core II,Lists/tuples/sets/dicts; comprehensions
2,Day 2,Python Core II,Iterables/iterators/generators; itertools
2,Day 3,Python Core II,OOP: classes/methods/inheritance
2,Day 4,Python Core II,dataclass + typing; type hints
2,Day 5,Python Core II,Imports/packages; project layout
2,Day 6,Python Core II,Logging config & structured logs
2,Day 7,Python Core II,Mini-task: refactor CLI with logging + types
3,Day 1,Testing & Packaging,pytest basics; fixtures; parametrize
3,Day 2,Testing & Packaging,Format/lint: black + ruff/pre-commit
3,Day 3,Testing & Packaging,Packaging: pyproject/wheels; editable installs
3,Day 4,Testing & Packaging,Concurrency: threads vs processes
3,Day 5,Testing & Packaging,"Async I/O 101: async/await, aiohttp"
3,Day 6,Testing & Packaging,"Perf: profiling, memory tips"
3,Day 7,Testing & Packaging,Mini-task: add tests + pre-commit + tiny benchmark
4,Day 1,Data Wrangling,Pandas read/clean/merge; dtypes
4,Day 2,Data Wrangling,"GroupBy, window-like ops; Parquet"
4,Day 3,Data Wrangling,Polars (optional) lazy frames vs pandas
4,Day 4,Data Wrangling,NumPy vectors; date/time
4,Day 5,Data Wrangling,SQLite schema + JOINs (sqlite3)
4,Day 6,Data Wrangling,Export to S3-friendly Parquet partitions
4,Day 7,Data Wrangling,Mini: CSV→clean→Parquet + README
5,Day 1,ETL Patterns (Python),Config mgmt; env vars/.env
5,Day 2,ETL Patterns (Python),"Idempotency, retries/backoff, checkpoints"
5,Day 3,ETL Patterns (Python),Formats: CSV/JSON/Parquet/ORC trade-offs
5,Day 4,ETL Patterns (Python),"Job layout: main(), modular transforms"
5,Day 5,ETL Patterns (Python),Data contracts: JSON/Avro + pydantic
5,Day 6,ETL Patterns (Python),CLI ergonomics (argparse/typer)
5,Day 7,ETL Patterns (Python),Mini: robust local ETL w/ schema validation
6,Day 1,Python↔SQL/AWS Bridge,SQLAlchemy basics
6,Day 2,Python↔SQL/AWS Bridge,PyAthena basics (query S3 via Athena)
6,Day 3,Python↔SQL/AWS Bridge,Boto3 S3 list/get/put; pagination
6,Day 4,Python↔SQL/AWS Bridge,Structured logs → CloudWatch (plan)
6,Day 5,Python↔SQL/AWS Bridge,Package job for deploy; per-env config
6,Day 6,Python↔SQL/AWS Bridge,Repo tidy & recap
6,Day 7,Python↔SQL/AWS Bridge,Mini: container-ready local ETL
7,Day 1,Spark Basics,Spark architecture; lazy eval; Driver/Executors
7,Day 2,Spark Basics,SparkSession; read CSV/JSON/Parquet; schemas
7,Day 3,Spark Basics,Transformations vs actions; explain(); deps
7,Day 4,Spark Basics,DataFrame ops; null handling
7,Day 5,Spark Basics,Caching & persistence; when to cache
7,Day 6,Spark Basics,Project structure; logging in Spark
7,Day 7,Spark Basics,Mini: local Spark CSV→Parquet + docs
8,Day 1,Spark SQL/Windows,Joins + join hints (all types)
8,Day 2,Spark SQL/Windows,Window functions (lag/lead/row_number)
8,Day 3,Spark SQL/Windows,Aggregations; grouping sets; skewed keys
8,Day 4,Spark SQL/Windows,Spark SQL; temp views; DF vs SQL tradeoffs
8,Day 5,Spark SQL/Windows,UDF vs built-ins vs pandas UDFs
8,Day 6,Spark SQL/Windows,Partitioning/bucketing; file sizing; small-files
8,Day 7,Spark SQL/Windows,Mini: joins+windows analytical job
9,Day 1,Iceberg (Spark side),Parquet internals; predicate pushdown
9,Day 2,Iceberg (Spark side),Iceberg 101: snapshots/manifests
9,Day 3,Iceberg (Spark side),Write modes: append/overwrite/replace; time travel
9,Day 4,Iceberg (Spark side),Schema & partition evolution
9,Day 5,Iceberg (Spark side),MERGE INTO with Iceberg; dedupe
9,Day 6,Iceberg (Spark side),Maintenance: compaction & retention
9,Day 7,Iceberg (Spark side),Mini: Spark→Iceberg + time-travel demo
10,Day 1,Structured Streaming I,Streaming model: micro-batch vs continuous
10,Day 2,Structured Streaming I,Event-time vs processing-time
10,Day 3,Structured Streaming I,Watermarks & stateful ops; late data
10,Day 4,Structured Streaming I,Sources/sinks (files/Kinesis/Kafka/S3/Iceberg)
10,Day 5,Structured Streaming I,Checkpointing; exactly-once sinks
10,Day 6,Structured Streaming I,Backpressure; monitoring
10,Day 7,Structured Streaming I,Mini: local file stream → agg → S3 sink
11,Day 1,Spark Tuning,Catalyst/Tungsten; WSCG basics
11,Day 2,Spark Tuning,AQE: coalesce partitions; skew join
11,Day 3,Spark Tuning,Broadcast joins; spill; sort-merge vs shuffle-hash
11,Day 4,Spark Tuning,Executor/driver memory; GC; failures
11,Day 5,Spark Tuning,Repartition/coalesce strategy; file sizing for S3
11,Day 6,Spark Tuning,Metrics/logs; Spark UI analysis
11,Day 7,Spark Tuning,Mini: tune a job; before/after notes
12,Day 1,Spark Deployability,Testing Spark (pytest/chispa); golden-data
12,Day 2,Spark Deployability,Packaging deps (zip/wheel; --py-files)
12,Day 3,Spark Deployability,Config/secrets; S3 path conventions
12,Day 4,Spark Deployability,spark-submit; params; retries
12,Day 5,Spark Deployability,Observability hooks; custom metrics
12,Day 6,Spark Deployability,Local capstone: batch + streaming to Iceberg
12,Day 7,Spark Deployability,Mini: final polish & README
13,Day 1,S3 Data Lake Fundamentals,S3 layout: bronze/silver/gold; naming standards
13,Day 2,S3 Data Lake Fundamentals,Partition key strategy; hive-style paths
13,Day 3,S3 Data Lake Fundamentals,Lifecycle basics: IA/Glacier; retention
13,Day 4,S3 Data Lake Fundamentals,Versioning & replication (CRR/SRR) overview
13,Day 5,S3 Data Lake Fundamentals,S3 consistency & multipart uploads; checksum
13,Day 6,S3 Data Lake Fundamentals,Access patterns: prefix design; list/get costs
13,Day 7,S3 Data Lake Fundamentals,Mini: create bucket + folder plan + lifecycle rule
14,Day 1,Catalog & Query,Glue DB & table design; crawlers vs direct DDL
14,Day 2,Catalog & Query,Athena CTAS/INSERT-SELECT; workgroups
14,Day 3,Catalog & Query,Partitions & partition projection
14,Day 4,Catalog & Query,Compression & column stats; optimize scans
14,Day 5,Catalog & Query,Athena federated query (concepts)
14,Day 6,Catalog & Query,Permissions: IAM & Lake Formation interplay
14,Day 7,Catalog & Query,Mini: create tables + 5 cost-efficient queries
15,Day 1,Iceberg on Athena,Create Iceberg table in Athena; table props
15,Day 2,Iceberg on Athena,Schema evolution; ADD/DROP/RENAME columns
15,Day 3,Iceberg on Athena,Snapshot/time-travel queries
15,Day 4,Iceberg on Athena,Compaction & housekeeping (rewrite data/files)
15,Day 5,Iceberg on Athena,MERGE INTO from staged data
15,Day 6,Iceberg on Athena,Partition evolution & hidden partitioning
15,Day 7,Iceberg on Athena,Mini: migrate Parquet table → Iceberg; test merge
16,Day 1,Governance,"LF permissions model; principals, LF tags"
16,Day 2,Governance,Row/column-level security; cell masking patterns
16,Day 3,Governance,Cross-account shares; external data filtering
16,Day 4,Governance,LF with Athena/Glue/Spark integration
16,Day 5,Governance,AWS DataZone: domains/projects/catalog/approvals
16,Day 6,Governance,Data subscriptions & entitlements (DataZone)
16,Day 7,Governance,Mini: tag-based policy + DataZone catalog entry
17,Day 1,Glue ETL I,Glue 4/5 runtimes; job types; DF vs DynamicFrame
17,Day 2,Glue ETL I,Bookmarks/idempotency; incremental reads
17,Day 3,Glue ETL I,"Transforms: joins, windows, schema drift handling"
17,Day 4,Glue ETL I,Error handling & retries; CloudWatch logs
17,Day 5,Glue ETL I,Job parameters & config; secure creds
17,Day 6,Glue ETL I,Outputs: Parquet/Iceberg writers; partitioning
17,Day 7,Glue ETL I,Mini: production-style Glue job to Iceberg
18,Day 1,Glue ETL II,Glue Data Quality (DQDL) rule types
18,Day 2,Glue ETL II,Authoring DQ rules; thresholds; null/distinct/range
18,Day 3,Glue ETL II,Integrate DQ with jobs; fail gates
18,Day 4,Glue ETL II,Anomaly checks & drift detection
18,Day 5,Glue ETL II,Alerting via CloudWatch Alarms/EventBridge
18,Day 6,Glue ETL II,"Job observability: metrics, logs, tracing notes"
18,Day 7,Glue ETL II,Mini: DQDL-enforced job with alarms
19,Day 1,Orchestration (SFN),ASL basics; states: Task/Choice/Parallel/Map
19,Day 2,Orchestration (SFN),"Retry, Catch, DLQ patterns"
19,Day 3,Orchestration (SFN),EventBridge schedules & triggers
19,Day 4,Orchestration (SFN),Chaining: crawler→ETL→DQ→Athena check
19,Day 5,Orchestration (SFN),Input/Output/ResultPath shaping
19,Day 6,Orchestration (SFN),Execution history & troubleshooting
19,Day 7,Orchestration (SFN),Mini: deploy a SFN pipeline around your Glue job
20,Day 1,Orchestration (Airflow),DAG basics; operators; sensors; XCom
20,Day 2,Orchestration (Airflow),Backfills & catchup; schedule_interval; SLAs
20,Day 3,Orchestration (Airflow),Connections & variables; secrets
20,Day 4,Orchestration (Airflow),Alerting & retries; task-level failure patterns
20,Day 5,Orchestration (Airflow),Port SFN pipeline to Airflow DAG
20,Day 6,Orchestration (Airflow),Compare SFN vs MWAA trade-offs
20,Day 7,Orchestration (Airflow),Mini: run DAG on MWAA with backfill
21,Day 1,Streaming (Kinesis),"Shard math: capacity, scaling, retention"
21,Day 2,Streaming (Kinesis),Producers (KPL/Kinesis Agent) & batching
21,Day 3,Streaming (Kinesis),"Consumers (KCL/SDK), enhanced fan-out"
21,Day 4,Streaming (Kinesis),Checkpoints & failure handling
21,Day 5,Streaming (Kinesis),Monitoring & alarms; cost levers
21,Day 6,Streaming (Kinesis),Designing partitions/keys for fairness
21,Day 7,Streaming (Kinesis),Mini: producer+consumer sample with alarms
22,Day 1,Streaming (MSK/Kafka),Cluster & broker basics; partitions; ISR
22,Day 2,Streaming (MSK/Kafka),Consumer groups; rebalancing; offsets
22,Day 3,Streaming (MSK/Kafka),Transactions/EOS patterns
22,Day 4,Streaming (MSK/Kafka),Auth & networking; private access
22,Day 5,Streaming (MSK/Kafka),Glue Schema Registry; Avro/JSON schemas
22,Day 6,Streaming (MSK/Kafka),Cost & sizing brokers; storage/retention
22,Day 7,Streaming (MSK/Kafka),Mini: MSK produce/consume + schema validation
23,Day 1,CDC to Lake,"CDC concepts: log-based, snapshot, ordering"
23,Day 2,CDC to Lake,MSK Connect (Debezium) setup & connectors
23,Day 3,CDC to Lake,Alternative: AWS DMS endpoints & tasks
23,Day 4,CDC to Lake,Schema evolution with CDC; schema registry
23,Day 5,CDC to Lake,Dedupe & late-arrival handling design
23,Day 6,CDC to Lake,Land CDC to S3; partition by table/op/date
23,Day 7,CDC to Lake,Mini: CDC → S3 → Iceberg ready dataset
24,Day 1,Structured Streaming (AWS),Source: Kinesis/MSK; auth & endpoints
24,Day 2,Structured Streaming (AWS),Watermarks & stateful ops; exactly-once sinks
24,Day 3,Structured Streaming (AWS),Checkpointing on S3; recovery testing
24,Day 4,Structured Streaming (AWS),Sink to Iceberg with upsert semantics
24,Day 5,Structured Streaming (AWS),Athena verification over streaming outputs
24,Day 6,Structured Streaming (AWS),Monitoring jobs; CloudWatch metrics/Spark UI
24,Day 7,Structured Streaming (AWS),Mini: streaming job → Iceberg → Athena
25,Day 1,Flink on AWS,"Why Flink: event-time first, state mgmt"
25,Day 2,Flink on AWS,Windows (tumbling/sliding/session); watermarks
25,Day 3,Flink on AWS,State backends; checkpoint/savepoint
25,Day 4,Flink on AWS,Exactly-once sinks; connectors overview
25,Day 5,Flink on AWS,Managed Service for Apache Flink setup
25,Day 6,Flink on AWS,Basic job: keyed window agg to S3
25,Day 7,Flink on AWS,Mini: Flink job + savepoint test
26,Day 1,NRT Analytics,Incremental views & freshness SLAs
26,Day 2,NRT Analytics,Athena over streaming outputs; CTAS patterns
26,Day 3,NRT Analytics,QuickSight dataset & SPICE refresh
26,Day 4,NRT Analytics,Row-level security via LF/Tags
26,Day 5,NRT Analytics,Dashboards & alerts for stale data
26,Day 6,NRT Analytics,Perf & cost hygiene
26,Day 7,NRT Analytics,Mini: near-real-time KPI dashboard
27,Day 1,Redshift I,Create workgroup; namespaces; security
27,Day 2,Redshift I,Load COPY from S3; UNLOAD patterns
27,Day 3,Redshift I,Dist & sort keys; compression encodings
27,Day 4,Redshift I,WLM basics; concurrency scaling
27,Day 5,Redshift I,Staging → star schema (facts/dims)
27,Day 6,Redshift I,Basic perf tuning; analyze/vacuum notes
27,Day 7,Redshift I,Mini: star schema with sample data
28,Day 1,Redshift II,External schema to Iceberg via Spectrum
28,Day 2,Redshift II,MERGE upserts; late-arrival strategy
28,Day 3,Redshift II,Materialized views; refresh policies
28,Day 4,Redshift II,Compare cost/latency vs Athena
28,Day 5,Redshift II,UNLOAD to Parquet; data sharing
28,Day 6,Redshift II,Access control with LF integration
28,Day 7,Redshift II,Mini: ELT pipeline + MV + comparison doc
29,Day 1,EMR & EMR on EKS,When EMR vs Glue; custom runtimes & libs
29,Day 2,EMR & EMR on EKS,EMR 7.x setup; autoscaling; spot
29,Day 3,EMR & EMR on EKS,Debugging Spark on EMR; logs; metrics
29,Day 4,EMR & EMR on EKS,EMR on EKS basics; isolation; scaling
29,Day 5,EMR & EMR on EKS,Port a Glue Spark job to EMR; compare cost
29,Day 6,EMR & EMR on EKS,Data locality & file sizing effects
29,Day 7,EMR & EMR on EKS,Mini: EMR job report (perf/cost)
30,Day 1,Contracts & DQ at Scale,Contract formats: Avro/JSON/Protobuf
30,Day 2,Contracts & DQ at Scale,Glue Schema Registry rules; compatibility
30,Day 3,Contracts & DQ at Scale,Producer/consumer responsibility model
30,Day 4,Contracts & DQ at Scale,DQ gates across pipelines; SLAs & routing
30,Day 5,Contracts & DQ at Scale,Alerting paths (ChatOps/Email) & runbooks
30,Day 6,Contracts & DQ at Scale,Catalog surfacing contracts (DataZone)
30,Day 7,Contracts & DQ at Scale,Mini: registry-backed contract + DQ policy
31,Day 1,Security,IAM least-privilege & permission boundaries
31,Day 2,Security,KMS envelope encryption; CMK policies
31,Day 3,Security,Private subnets & VPC endpoints; egress control
31,Day 4,Security,LF fine-grained access; column masking
31,Day 5,Security,Cross-account data sharing patterns
31,Day 6,Security,Tokenization & PII strategies
31,Day 7,Security,Mini: secure blueprint with policy snippets
32,Day 1,Observability & Reliability,CloudWatch Logs/Metrics/Alarms for Glue/EMR
32,Day 2,Observability & Reliability,Spark History Server; job dashboards
32,Day 3,Observability & Reliability,CloudTrail for data/permission changes
32,Day 4,Observability & Reliability,Backup/restore drills; S3 versioning; AWS Backup
32,Day 5,Observability & Reliability,"SLOs, error budgets, incident playbooks"
32,Day 6,Observability & Reliability,Lineage notes (manual/metadata)
32,Day 7,Observability & Reliability,Mini: alarmed dashboard + backup drill log
33,Day 1,Cost Engineering,S3 lifecycle/Glacier tiers; replication cost
33,Day 2,Cost Engineering,Small-file/compaction strategies; parquet sizing
33,Day 3,Cost Engineering,Athena: partitioning & projections; bytes reduction
33,Day 4,Cost Engineering,Kinesis/MSK: shard/broker tuning & retention
33,Day 5,Cost Engineering,Glue/EMR DPUs & instance families; spot savings
33,Day 6,Cost Engineering,Redshift sizing; concurrency scaling; Advisor
33,Day 7,Cost Engineering,Mini: cost playbook with 3 concrete savings
34,Day 1,ML Basics (Python),EDA & feature engineering (pandas)
34,Day 2,ML Basics (Python),Train/test split; cross-validation
34,Day 3,ML Basics (Python),"Metrics: ROC/AUC, F1, regression metrics"
34,Day 4,ML Basics (Python),Model persistence (joblib/pickle); versioning
34,Day 5,ML Basics (Python),Batch inference script; CLI flags
34,Day 6,ML Basics (Python),Repro seeds; small unit tests for features
34,Day 7,ML Basics (Python),Mini: baseline model + inference CLI
35,Day 1,SageMaker I,SageMaker Studio setup; projects & roles
35,Day 2,SageMaker I,"Processing jobs (feature gen, eval)"
35,Day 3,SageMaker I,Training jobs (builtin or script mode)
35,Day 4,SageMaker I,Artifacts to S3; metrics to CW; lineage
35,Day 5,SageMaker I,Hyperparams & distrib training basics
35,Day 6,SageMaker I,Batch Transform vs endpoints (when which)
35,Day 7,SageMaker I,Mini: move baseline to Processing/Training
36,Day 1,SageMaker II,SageMaker Pipelines DAG; parameters
36,Day 2,SageMaker II,Feature Store: offline/online groups
36,Day 3,SageMaker II,Register/promote model; Model Registry
36,Day 4,SageMaker II,Deploy: real-time vs batch; autoscaling
36,Day 5,SageMaker II,Blue/green or canary deploy patterns
36,Day 6,SageMaker II,Failure/rollback strategies
36,Day 7,SageMaker II,Mini: full SM pipeline + feature store + deploy
37,Day 1,Model Ops,Model Monitor baselines (stats/constraints)
37,Day 2,Model Ops,Data drift & model quality monitors
37,Day 3,Model Ops,Bias & explainability with Clarify
37,Day 4,Model Ops,Alarm routing to on-call; remediation steps
37,Day 5,Model Ops,A/B testing vs canary; shadow deployments
37,Day 6,Model Ops,Secure endpoints; least-privilege access
37,Day 7,Model Ops,Mini: monitoring setup + rollback doc
38,Day 1,GenAI on AWS,Embeddings & chunking strategies
38,Day 2,GenAI on AWS,Vector DB: OpenSearch vector vs Aurora pgvector
38,Day 3,GenAI on AWS,Bedrock models & invocation basics
38,Day 4,GenAI on AWS,Knowledge Bases & data sync; metadata
38,Day 5,GenAI on AWS,"Guardrails (policies, filters)"
38,Day 6,GenAI on AWS,Eval & telemetry (quality & safety)
38,Day 7,GenAI on AWS,Mini: small RAG POC with guardrails
39,Day 1,Capstone A,Integrate S3→Glue→Iceberg→Athena
39,Day 2,Capstone A,Apply LF governance (row/col)
39,Day 3,Capstone A,Add DQDL checks & alerts
39,Day 4,Capstone A,Orchestrate via SFN or MWAA
39,Day 5,Capstone A,Cost/ops/security documentation
39,Day 6,Capstone A,Architecture diagram & IaC skeleton
39,Day 7,Capstone A,Mini: dry-run end-to-end + checklist
40,Day 1,Capstone B,Stream ingest (Kinesis/MSK) → Spark streaming
40,Day 2,Capstone B,Sink to Iceberg; Athena incremental views
40,Day 3,Capstone B,SageMaker pipeline to retrain/promote
40,Day 4,Capstone B,Monitoring (Model Monitor) + alarms
40,Day 5,Capstone B,Security & cost final review
40,Day 6,Capstone B,Demo script & README polish
40,Day 7,Capstone B,Mini: final demo run + repo publish
41,Day 1,Airflow Advanced (MWAA),TaskFlow API & dynamic task mapping
41,Day 2,Airflow Advanced (MWAA),Deferrable operators & Datasets-based scheduling
41,Day 3,Airflow Advanced (MWAA),Secrets backends (Secrets Manager/SSM) & connections as code
41,Day 4,Airflow Advanced (MWAA),"Packaging DAGs on MWAA: providers, plugins, constraints"
41,Day 5,Airflow Advanced (MWAA),"DAG testing (pytest-airflow), CI/CD (CodeBuild/GitHub Actions), DAG validation"
41,Day 6,Airflow Advanced (MWAA),"Observability: Airflow metrics, SLA miss callbacks, audit logs"
41,Day 7,Airflow Advanced (MWAA),Mini: complex DAG with dataset triggers + unit tests
42,Day 1,Kafka/MSK Advanced & Connect,"KRaft controller quorum, replication, min ISR, rack-aware"
42,Day 2,Kafka/MSK Advanced & Connect,Producer configs: acks/linger/batch.size/compression trade-offs
42,Day 3,Kafka/MSK Advanced & Connect,"Consumer lag monitoring; rebalance (eager/cooperative), static membership"
42,Day 4,Kafka/MSK Advanced & Connect,"MSK Connect: Debezium source, S3/Iceberg sink, DLQs & error handling"
42,Day 5,Kafka/MSK Advanced & Connect,Schema Registry: Glue vs Confluent; compatibility modes
42,Day 6,Kafka/MSK Advanced & Connect,"Security: IAM auth, TLS, private connectivity patterns"
42,Day 7,Kafka/MSK Advanced & Connect,Mini: Debezium CDC → MSK → S3/Iceberg with schema evolution test
43,Day 1,Spark Streaming Advanced,Stream-stream & stream-static joins with watermarks
43,Day 2,Spark Streaming Advanced,State store scaling & cleanup; RocksDB state store patterns
43,Day 3,Spark Streaming Advanced,Exactly-once semantics: idempotent/transactional Iceberg writes
43,Day 4,Spark Streaming Advanced,Late/out-of-order events: watermark tuning strategies
43,Day 5,Spark Streaming Advanced,Backpressure & autoscaling with EMR/Glue; checkpoint hygiene
43,Day 6,Spark Streaming Advanced,Testing streaming queries; reliability patterns
43,Day 7,Spark Streaming Advanced,Mini: resilient streaming job with join + late data handling
44,Day 1,Infrastructure as Code,Terraform vs CDK vs CloudFormation: choose & scaffold modules
44,Day 2,Infrastructure as Code,Model S3/Glue/Athena/Iceberg resources as code
44,Day 3,Infrastructure as Code,Lake Formation permissions via IaC (LF-TBAC)
44,Day 4,Infrastructure as Code,Provision MSK/Kinesis/Redshift/SageMaker via IaC
44,Day 5,Infrastructure as Code,MWAA & Step Functions as code; packaging & deps
44,Day 6,Infrastructure as Code,"CI/CD for IaC: pipelines, drift detection, policy checks"
44,Day 7,Infrastructure as Code,Mini: provision a dev lakehouse stack with IaC
45,Day 1,Testing & CI/CD,"Unit tests for PySpark (chispa), golden datasets"
45,Day 2,Testing & CI/CD,Data quality tests: Great Expectations vs DQDL
45,Day 3,Testing & CI/CD,Contract tests with Schema Registry; consumer-driven contracts
45,Day 4,Testing & CI/CD,Integration tests with ephemeral stacks (LocalStack where useful)
45,Day 5,Testing & CI/CD,CI with GitHub Actions/CodeBuild; DAG lint; pre-commit hooks
45,Day 6,Testing & CI/CD,"Deployment strategies: canary pipelines, blue/green ETL"
45,Day 7,Testing & CI/CD,Mini: end-to-end CI pipeline for a sample project
46,Day 1,Privacy & Compliance,DPDP (India) & GDPR basics; data subject requests
46,Day 2,Privacy & Compliance,PII discovery with Amazon Macie; classification & tagging
46,Day 3,Privacy & Compliance,Masking/tokenization; LF column-level security
46,Day 4,Privacy & Compliance,Retention policies with S3 lifecycle; Object Lock/WORM; legal holds
46,Day 5,Privacy & Compliance,Audit trails: CloudTrail + Athena queries; access reviews
46,Day 6,Privacy & Compliance,Secure sharing & clean rooms (AWS Clean Rooms) basics
46,Day 7,Privacy & Compliance,Mini: PII pipeline with discovery + masking + audit
47,Day 1,Analytics & BI Advanced,SPICE sizing/perf; dataset modeling best practices
47,Day 2,Analytics & BI Advanced,"Parameters, controls, actions; multi-dataset joins"
47,Day 3,Analytics & BI Advanced,Advanced RLS/CLS with LF tags integration
47,Day 4,Analytics & BI Advanced,Embedding dashboards; programmatic asset mgmt
47,Day 5,Analytics & BI Advanced,Forecasting & ML Insights; anomaly detection
47,Day 6,Analytics & BI Advanced,Cost control & refresh strategies for QuickSight
47,Day 7,Analytics & BI Advanced,Mini: advanced dashboard with RLS/CLS and params
48,Day 1,Warehouse & Sharing Advanced,"Redshift WLM queues, concurrency scaling, SQA"
48,Day 2,Warehouse & Sharing Advanced,Sort/dist key strategies; automatic table optimization
48,Day 3,Warehouse & Sharing Advanced,Data sharing in Redshift; cross-account patterns; RA3 specifics
48,Day 4,Warehouse & Sharing Advanced,Spectrum performance & pushdown to Iceberg
48,Day 5,Warehouse & Sharing Advanced,Benchmark: Athena vs Redshift vs EMR/Spark for a workload
48,Day 6,Warehouse & Sharing Advanced,Iceberg maintenance scheduling: compaction & snapshot expiry
48,Day 7,Warehouse & Sharing Advanced,Mini: performance report & decision guide
