Week,Theme,Focus (Concepts),AWS Services,Outcomes
1,Python Core I,"syntax, flow control",Local,CLI + notes
2,Python Core II,"collections, OOP, typing",Local,Refactored CLI
3,Testing & Packaging,"tests, lint, dist, perf",Local,Tested package
4,Data Wrangling,Pandas/Polars/NumPy + SQL bridge,Local,Local ETL
5,ETL Patterns (Python),robust local ETL,Local,Contracted ETL
6,Python↔SQL/AWS Bridge,"db access, boto3, athena client",Local,Containerized ETL
7,Spark Basics,mental model + DataFrames,Local Spark,Local Spark job
8,Spark SQL/Windows,"joins, windows, SQL, UDFs",Local Spark,Analytical job
9,Iceberg (Spark side),"layout, evolution, merge",Local Spark,Iceberg demo
10,Structured Streaming I,concepts to code,Local Spark,Streaming demo
11,Spark Tuning,internals & tuning,Local Spark,Tuned job
12,Spark Deployability,"tests, packaging, submit",Local Spark,Local capstone
13,S3 Data Lake Fundamentals,"layout, partitions, lifecycle",S3,Well-structured bucket
14,Catalog & Query,Glue Catalog + Athena,"Glue, Athena",Queryable lake skeleton
15,Iceberg on Athena,table ops & maintenance,Athena (Iceberg),Iceberg ops via SQL
16,Governance,Lake Formation + AWS DataZone,"LF, DataZone, Athena, Glue",Fine-grained governed datasets
17,Glue ETL I,core Glue Spark jobs,"Glue, S3, CloudWatch",ETL job to Iceberg
18,Glue ETL II,DQ + error/alert patterns,"Glue DQDL, CloudWatch",DQ-gated ETL
19,Orchestration (SFN),state machines & retries,"Step Functions, EventBridge",End-to-end pipeline
20,Orchestration (Airflow),"DAGs, backfills, SLAs",MWAA,Working Airflow DAG
21,Streaming (Kinesis),throughput & consumers,Kinesis Data Streams,Sample stream with monitors
22,Streaming (MSK/Kafka),"brokers, groups, EOS","Amazon MSK, Glue SR",Kafka sample with schemas
23,CDC to Lake,Debezium/DMS to S3/Iceberg,"MSK Connect/DMS, S3, Glue SR",CDC landed dataset
24,Structured Streaming (AWS),Spark streaming end-to-end,"Glue/EMR Spark, S3, Athena",Streaming → Iceberg pipeline
25,Flink on AWS,"windows, state, checkpoints",Managed Service for Apache Flink,Flink job to S3
26,NRT Analytics,Athena + QuickSight over streams,"Athena, QuickSight, LF",KPI dashboard with RLS
27,Redshift I,"load, keys, WLM",Redshift Serverless,Star-schema warehouse
28,Redshift II,"Spectrum, ELT, MVs",Redshift + Spectrum + Athena,ELT + MV + cost notes
29,EMR & EMR on EKS,runtime choices & tuning,EMR / EMR on EKS,EMR comparison report
30,Contracts & DQ at Scale,schema + DQ governance,"Glue SR, DataZone",Contracted pipeline + alerts
31,Security,"IAM, KMS, VPC, LF","IAM, KMS, LF, VPC Endpoints",Security blueprint
32,Observability & Reliability,"logging, metrics, DR","CloudWatch, CloudTrail, AWS Backup",Ops dashboard + drill
33,Cost Engineering,optimize storage/scan/compute,"S3, Athena, Kinesis/MSK, Glue/EMR, Redshift",Cost playbook
34,ML Basics (Python),"EDA, training, metrics",Local Python,Baseline model + CLI
35,SageMaker I,Processing/Training/Studio,SageMaker Studio/Jobs,Baseline on SM jobs
36,SageMaker II,Pipelines/FS/Registry/Deploy,SageMaker Pipelines/FS/Registry,End-to-end pipeline
37,Model Ops,"monitoring, bias, rollout","SageMaker Monitor/Clarify, CloudWatch",Monitored deployment
38,GenAI on AWS,"RAG, vectors, guardrails","Bedrock, OpenSearch/Aurora pgvector",RAG POC
39,Capstone A,Lakehouse+Governance+DQ,"Glue, LF, Athena, SFN/MWAA",End-to-end lakehouse
40,Capstone B,Streaming + ML pipeline,"Kinesis/MSK, Spark, Iceberg, SageMaker",Final demo & repo
41,Airflow Advanced (MWAA),"TaskFlow, deferrables, secrets, testing, observability","MWAA, Secrets Manager, CloudWatch, CodeBuild/Actions","Advanced, tested DAGs with CI/CD"
42,Kafka/MSK Advanced & Connect,"replication, producer/consumer tuning, Connect, schema, security","Amazon MSK, MSK Connect, Glue Schema Registry, S3",Robust MSK pipeline with CDC & schemas
43,Spark Streaming Advanced,"joins, state, exactly-once, late data, testing","Glue/EMR Spark, Iceberg, S3, CloudWatch",Production-grade streaming job
44,Infrastructure as Code,"model platform in code, LF perms, CI/CD for IaC","CDK/Terraform, CloudFormation, CodePipeline",Deployed dev lakehouse stack
45,Testing & CI/CD,unit/integration/contract tests; delivery patterns,"chispa, Great Expectations, Glue SR, Actions/CodeBuild",Automated tested deployments
46,Privacy & Compliance,"PII discovery, masking, retention, audit, clean rooms","Macie, Lake Formation, S3 Object Lock, CloudTrail",Compliant PII handling workflow
47,Analytics & BI Advanced,"QS performance, RLS/CLS, embedding, ML insights","QuickSight, LF, Athena/Redshift",Advanced QuickSight dashboard
48,Warehouse & Sharing Advanced,"WLM, data sharing, spectrum, benchmarks","Redshift, Spectrum, Athena, EMR/Spark, Iceberg",Performance decision guide
